customer_id,first_name,last_name,age,gender
106,Fernando,Ford,56,Male
107,Julie,Cooley,33,Female
108,Lauren,Villa,20,Female
109,Emily,Bryant,37,Female
110,Marie,Estrada,46,Female
111,Nichole,Cannon,30,Female
112,Bernard,Ritter,58,Male
113,Darryl,Archer,24,Male
114,Ryan,Li,37,Male
115,Vicki,Nunez,66,Male
116,Sean,Townsend,46,Male
117,Sophia,Mathis,31,Female
118,Helen,Potts,45,Female
119,Joann,Finley,36,Male
120,Thomas,Walsh,43,Male
121,Cristina,Lam,54,Female
122,Vicki,Heath,56,Male
123,Glenn,Wang,25,Female
124,Darius,Benitez,38,Male
125,Xavier,Cruz,37,Male
126,Douglas,Galloway,34,Male
127,Phyllis,Becker,46,Male
128,Ebony,Murphy,43,Male
129,Tyler,Stevenson,38,Male
130,Cesar,Bernard,37,Male
131,Darrell,Santos,62,Male
132,Amanda,Santiago,26,Male
133,Marcus,Mcdonald,27,Male
134,Lauren,Montes,70,Male
135,Brent,Hinton,61,Male
136,Jill,Mayo,52,Male
137,Herbert,Byrd,63,Male
138,Don,Krueger,22,Male
139,Cheryl,Gonzales,49,Female
140,Rickey,Mays,68,Male
141,Cassidy,Dillon,48,Male
142,Christina,Bautista,61,Female
143,Alexandra,Castro,67,Female
144,Krystal,Mendoza,30,Female
145,Ivan,Schroeder,61,Male
146,Stephanie,Bradshaw,39,Female
147,Levi,Grimes,58,Female
148,Peter,Sosa,63,Male
149,Valerie,Haney,44,Female
150,Tom,Gardner,49,Male
151,Randall,Galloway,28,Male
152,Perry,Whitaker,36,Male
153,Gloria,Mosley,63,Female
154,Cameron,Little,35,Male
155,Glen,Gonzalez,42,Female
156,Melvin,Day,22,Male
157,Kent,Salinas,66,Male
158,Stacey,Martinez,63,Female
159,Jennifer,Fleming,23,Female
160,Teresa,Oconnell,41,Female
161,Bruce,Bass,61,Male
162,Sarah,Sweeney,70,Female
163,Eddie,Salinas,44,Male
164,Trevor,Rowland,21,Female
165,Marcus,Chang,44,Male
166,Sabrina,Roberts,35,Female
167,Norman,French,20,Male
168,Lonnie,Novak,52,Female
169,Casey,Bauer,46,Female
170,David,Goodman,33,Male
171,Garrett,Rosario,61,Male
172,Colin,Vaughan,38,Male
173,Maxwell,Griffin,32,Male
174,Diamond,Barnett,46,Male
175,Kellie,Munoz,32,Female
176,Sandy,Finley,31,Female
177,Katelyn,Petersen,29,Female
178,Neil,Murray,50,Female
179,Carlos,Wilcox,59,Male
180,Adrienne,Lamb,39,Female
181,Traci,Levy,67,Female
182,Tammy,Harmon,64,Female
183,Nicholas,Arias,60,Male
184,Sydney,Solis,67,Female
185,Jody,Beltran,48,Male
186,Autumn,Choi,56,Male
187,Chelsey,Boyer,55,Female
188,Trevor,Key,55,Male
189,Bridget,Molina,21,Male
190,Calvin,Rocha,20,Male
191,Austin,Matthews,40,Male
192,Molly,Murphy,50,Male
193,Jeremy,Haynes,58,Male
194,Don,Henry,54,Male
195,Dakota,Bowman,25,Male
196,Manuel,Maynard,52,Female
197,Howard,Simmons,58,Male
198,Jeffery,Wall,31,Female
199,Colleen,Estes,59,Male
200,Bianca,Henry,58,Male
201,Michelle,Good,55,Female
202,Eileen,Skinner,66,Female
203,Kyle,Richmond,52,Female
204,Omar,Davies,44,Male
205,Chelsea,Giles,49,Female
206,Pam,Crane,37,Male
207,Sandy,Kaufman,43,Male
208,Madison,Clark,36,Male
209,Leah,Coffey,32,Male
210,Julie,Montgomery,43,Female
211,Darrell,Small,26,Male
212,Andrew,Bolton,43,Male
213,Jaime,Hayden,40,Female
214,Logan,Carney,59,Male
215,Pedro,Franco,51,Male
216,Daryl,Meza,64,Male
217,Haley,Levine,39,Female
218,Caitlyn,Vazquez,50,Female
219,Keith,Combs,45,Female
220,Hayden,Cline,48,Male
221,Jeanette,Sanford,57,Female
222,Brandon,Richmond,47,Male
223,Latasha,Miller,27,Female
224,Shaun,Luna,26,Male
225,Allen,Mayer,43,Male
226,Yvonne,Jordan,41,Male
227,Joanne,Miranda,26,Male
228,Jaclyn,Rice,63,Male
229,Glen,Conway,29,Female
230,Stacey,Travis,59,Male
231,Courtney,Hughes,52,Male
232,Raven,Nelson,41,Male
233,Kyle,Odonnell,37,Female
234,Sherry,Ponce,64,Male
235,Kirk,Villa,56,Female
236,Luke,Lucas,32,Male
237,Lynn,Tran,53,Male
238,Brian,Beasley,27,Male
239,Christopher,Savage,51,Male
240,Dominique,Mckinney,63,Male
241,Dwayne,Crane,52,Male
242,Autumn,Cuevas,49,Male
243,Gregory,Collins,22,Female
244,Isaac,Schmidt,44,Male
245,Bradley,Rangel,41,Male
246,Paige,Page,41,Male
247,Gwendolyn,Bradshaw,69,Female
248,Belinda,Ferguson,26,Male
249,Ivan,Hines,47,Female
250,Brett,Lin,20,Male
251,Katherine,Williams,60,Female
252,Andre,Burgess,67,Male
253,Laura,Decker,63,Female
254,Tommy,Herman,64,Male
255,Amber,Lyons,64,Male
256,Shelia,Yang,66,Female
257,Russell,Martin,64,Female
258,Yvette,Willis,68,Female
259,Don,Ho,58,Male
260,Ellen,Torres,28,Female
261,Hayley,Morse,24,Female
262,Ellen,Kerr,33,Female
263,Martha,Cruz,39,Male
264,Douglas,Carson,58,Male
265,Toni,Cline,44,Male
266,Robyn,Berger,56,Male
267,Calvin,Roach,31,Male
268,Angel,Park,58,Male
269,Bradley,Delacruz,69,Male
270,Donald,Cross,24,Male
271,Jeremiah,Guerrero,27,Male
272,Perry,Trujillo,42,Male
273,Brent,Beasley,58,Male
274,Ariana,Velasquez,54,Male
275,Don,Vincent,28,Male
276,Bradley,Blair,33,Male
277,Henry,Conway,21,Male
278,Norman,Waters,62,Male
279,Breanna,Miranda,52,Male
280,Seth,Osborne,55,Male
281,Lydia,Ponce,45,Female
282,Sherri,Bradshaw,22,Female
283,Alejandra,Lowe,45,Male
284,Raymond,Bernard,49,Male
285,Patricia,Moss,70,Female
286,Hector,Meyers,28,Male
287,Pedro,Zhang,26,Male
288,Marco,Donaldson,54,Male
289,Shannon,Yoder,44,Female
290,Brian,Downs,53,Male
291,Dillon,Cooley,58,Male
292,Joyce,Chaney,26,Male
293,Angelica,Schaefer,39,Female
294,Marcia,Horton,45,Female
295,Sydney,Barr,27,Male
296,Jay,Hodge,61,Male
297,Angela,Jackson,54,Female
298,Bethany,Barrera,40,Male
299,Cindy,Valenzuela,54,Female
300,Christine,Camacho,60,Female
301,Tyrone,Hendrix,39,Male
302,Roy,Gould,34,Male
303,Matthew,Mann,22,Male
304,Taylor,Torres,54,Male
305,Hannah,Waller,21,Male
306,Randy,Cannon,55,Male
307,Adrienne,Hunter,55,Female
308,Raven,Weaver,38,Male
309,Isaac,Murillo,27,Male
310,Kelly,Branch,50,Female
311,Chelsey,Larson,34,Female
312,Rick,Marquez,52,Male
313,Tricia,Mckee,38,Male
314,Rebecca,Blake,56,Female
315,Dan,Mcmillan,49,Male
316,Sabrina,Hill,42,Female
317,Victoria,Walter,27,Female
318,Jorge,Hendrix,31,Male
319,Jodi,Fox,63,Male
320,Sara,Vargas,42,Female
321,Cynthia,Johns,49,Male
322,Jordan,Hanna,62,Male
323,Maurice,Ramsey,40,Male
324,Catherine,Nicholson,43,Male
325,Sean,Todd,58,Male
326,Lacey,Bond,57,Female
327,Katelyn,Wise,56,Female
328,Christine,Bowers,35,Female
329,Adam,Levy,36,Male
330,Hayley,Ellison,55,Female
331,Vernon,Warner,27,Female
332,Fernando,Townsend,43,Female
333,Walter,Parsons,56,Male
334,Brady,Hill,68,Male
335,Loretta,Rice,53,Female
336,Hannah,Beck,42,Male
337,Jocelyn,Stephens,49,Female
338,Benjamin,Chan,30,Male
339,Caroline,Clarke,55,Male
340,Cameron,Forbes,61,Male
341,Wyatt,Mclean,64,Male
342,Kendra,Waters,56,Male
343,Tom,Bradley,20,Male
344,Adrian,Frazier,59,Male
345,Beverly,Kirby,49,Male
346,Priscilla,Stuart,59,Male
347,Roberto,Hogan,55,Male
348,Victor,Rogers,61,Male
349,Alisha,Gallegos,33,Female
350,Stefanie,Fuller,35,Female
351,Jackson,Grimes,28,Male
352,Miranda,Robles,20,Male
353,Gilbert,Bowers,58,Male
354,Jon,Gay,24,Male
355,Julia,Davila,33,Female
356,Aaron,Potts,26,Male
357,Rachael,Jimenez,47,Female
358,Lucas,Macdonald,30,Male
359,Kristopher,Sanders,32,Male
360,Alexandria,Hutchinson,39,Female
361,Natasha,Schmitt,43,Female
362,Jose,Acosta,41,Male
363,Cassidy,Dominguez,52,Female
364,Debbie,Savage,57,Female
365,Felicia,Burnett,27,Female
366,Hayley,Gutierrez,24,Female
367,Melinda,Parrish,57,Female
368,Jeremy,Keith,70,Female
369,James,Washington,22,Male
370,Karen,Leblanc,41,Male
371,Ivan,Malone,44,Male
372,Jesus,Cox,48,Male
373,Michelle,Lowery,48,Female
374,Paul,Meyers,59,Male
375,Eileen,Graves,29,Female
376,Christian,Jennings,37,Male
377,Don,Hendrix,60,Male
378,Dominique,Summers,46,Male
379,Wayne,Anderson,52,Male
380,Chloe,Franklin,23,Female
381,Carolyn,Hendrix,67,Male
382,Isaiah,Buckley,30,Male
383,Gina,Townsend,50,Female
384,Stefanie,Grant,42,Female
385,Cole,Combs,59,Male
386,Suzanne,Pope,58,Male
387,Gabriel,Green,30,Male
388,Jeanne,Atkinson,51,Female
389,Lindsay,Ferguson,62,Female
390,Ronald,Byrd,49,Male
391,Marco,Holden,67,Male
392,Isabel,English,51,Male
393,Nichole,Green,23,Male
394,Joann,Gonzales,61,Male
395,Francis,Miller,39,Male
396,Stuart,Valdez,30,Male
397,Tricia,Berg,33,Male
398,Roger,Bauer,32,Male
399,Tanner,Hernandez,42,Male
400,Ellen,Cisneros,62,Female
401,Latasha,Hancock,47,Female
402,Jenna,Lamb,47,Female
403,Francis,Ball,40,Female
404,Jade,Archer,47,Male
405,Zachary,Parker,34,Male
406,Karen,Kent,45,Male
407,Joshua,Dalton,30,Female
408,Kiara,Ashley,51,Male
409,Doris,Greene,20,Male
410,Helen,Kaiser,37,Male
411,Ariel,Francis,41,Female
412,Heidi,Singleton,69,Female
413,Guy,Keller,57,Male
414,Meghan,Moses,59,Female
415,Jodi,Moran,44,Male
416,Heather,York,53,Male
417,Gail,Salazar,24,Male
418,Tammy,Cantu,64,Male
419,Olivia,Mcgrath,24,Female
420,Michele,Case,24,Male
421,Matthew,Brock,60,Male
422,Jenna,Henry,62,Female
423,Kristina,Hunter,26,Female
424,Shirley,Bowman,57,Female
425,Allison,Walter,65,Female
426,Frances,Beltran,56,Female
427,Bailey,Waters,50,Female
428,Jeanne,Horn,67,Female
429,Jermaine,Hodges,47,Female
430,Jeremy,Clayton,49,Male
431,Tracey,Hardy,68,Female
432,Leslie,Mcmahon,41,Female
433,Peter,Moore,45,Male
434,Ian,Krueger,67,Male
435,Crystal,Choi,25,Female
436,Lydia,Peterson,45,Female
437,Douglas,Waters,27,Male
438,Tonya,Bond,55,Male
439,Caleb,Henson,31,Male
440,Tristan,Lynch,54,Female
441,Tami,Mendoza,53,Male
442,Leslie,Howe,33,Female
443,Luke,Perez,21,Male
444,Gina,Rowe,27,Female
445,Darius,Riggs,47,Male
446,Hailey,Hart,62,Female
447,Larry,Paul,29,Female
448,Krystal,Woods,31,Female
449,Tabitha,Reilly,33,Female
450,Roberta,Quinn,55,Male
451,Reginald,Pitts,60,Male
452,Jesus,Rogers,62,Male
453,Roberto,Roy,42,Male
454,Jillian,Mccullough,41,Female
455,Alan,Valenzuela,21,Male
456,Kristy,Dixon,21,Female
457,Henry,Holland,70,Male
458,Diana,Cox,47,Female
459,Sara,Middleton,61,Female
460,Jade,Jimenez,59,Male
461,Carmen,Mcclain,38,Male
462,Wanda,Sanchez,67,Female
463,Valerie,Wilcox,26,Female
464,Chloe,Hurst,32,Female
465,Virginia,Goodman,29,Female
466,Erin,Woods,69,Male
467,Cassidy,Bruce,63,Female
468,Sally,Hinton,39,Female
469,Jessica,Randolph,42,Female
470,Kelly,Hogan,24,Female
471,Derek,Chung,32,Male
472,Shirley,York,33,Female
473,Cody,Potts,53,Male
474,Erin,Gill,50,Male
475,Nicole,Vargas,38,Female
476,Sharon,Mack,30,Female
477,Monica,Lopez,26,Female
478,April,Jones,63,Female
479,Johnny,Reeves,30,Male
480,Brandi,Owens,26,Male
481,Max,Rasmussen,68,Male
482,Christian,Moore,33,Female
483,Tyrone,Holloway,28,Male
484,Victor,Ferguson,68,Female
485,Logan,Carroll,69,Male
486,Alexis,Hawkins,52,Male
487,Diane,Reid,33,Female
488,Dylan,Sweeney,26,Female
489,Craig,Gonzales,69,Male
490,Jill,Cardenas,28,Male
491,Timothy,Chambers,68,Male
492,Jaime,Terrell,52,Male
493,Alejandro,Hancock,66,Male
494,Gregg,Rodriguez,70,Female
495,Deanna,Pacheco,63,Male
496,Mariah,Barton,64,Female
497,Valerie,Branch,33,Female
498,Jonathan,Norman,62,Male
499,Samuel,Drake,53,Male
500,Riley,Aguirre,37,Male
501,Jermaine,Baker,33,Male
502,Holly,Hartman,67,Female
503,Haley,Frost,42,Female
504,Lindsay,Crane,43,Female
505,Adriana,Bartlett,22,Female
506,Bethany,Ruiz,55,Female
507,Gabriel,Weaver,47,Male
508,Jimmy,Heath,58,Female
509,Craig,Powers,51,Male
510,Colin,Howard,63,Male
511,Edgar,Zhang,43,Male
512,Carolyn,Lucero,51,Male
513,Tonya,Parsons,38,Male
514,Marc,Small,68,Male
515,Dakota,Elliott,35,Male
516,Hector,Barry,66,Male
517,Morgan,Wells,31,Female
518,Maxwell,Glenn,70,Male
519,Melody,Young,61,Female
520,Alejandro,Sutton,25,Male
521,Jermaine,Banks,61,Female
522,Terry,Woodward,46,Male
523,Tanner,Cherry,31,Male
524,Troy,Elliott,48,Male
525,Barry,Rubio,53,Male
526,Samantha,Lutz,49,Female
527,Wendy,Trevino,61,Female
528,Greg,Mcneil,34,Female
529,Rita,Hutchinson,49,Female
530,Rose,Robertson,63,Female
531,Paige,Aguirre,36,Male
532,Xavier,Terry,50,Male
533,Michaela,Thornton,42,Female
534,Kyle,Rojas,49,Female
535,Devin,Baxter,52,Male
536,Omar,Farmer,25,Male
537,Desiree,Vang,33,Male
538,Fernando,Wade,48,Female
539,Anne,Winters,32,Female
540,Glenn,Harrell,24,Female
541,Tracey,Boyd,53,Female
542,Catherine,Becker,26,Female
543,Sharon,Farrell,23,Female
544,Clinton,Schwartz,20,Female
545,Sheri,Perez,23,Female
546,Beth,White,62,Male
547,Cole,Benitez,30,Male
548,Caleb,Chapman,37,Male
549,Glen,Eaton,51,Male
550,Cristina,Hanna,58,Female
551,Kathy,Owens,60,Female
552,Rachael,Keith,32,Female
553,Marcus,Thompson,33,Male
554,Norman,Mclean,70,Female
555,Brandon,Cross,56,Male
556,Autumn,Soto,52,Male
557,Jaime,Cervantes,68,Female
558,Reginald,Blankenship,44,Male
559,Chelsey,Mcknight,56,Female
560,Clayton,Lindsey,34,Female
561,Kurt,Prince,37,Female
562,Joy,Choi,51,Male
563,Jeremiah,May,23,Male
564,Candice,Huang,45,Male
565,Alejandra,Tran,67,Male
566,Shaun,Richardson,39,Male
567,Darryl,Russo,62,Male
568,Joe,Cabrera,25,Female
569,Travis,Duran,27,Male
570,Warren,House,32,Female
571,Katherine,Haas,63,Female
572,Karen,Burton,69,Female
573,Logan,Riddle,41,Female
574,Kathryn,Hester,65,Female
575,Christina,Villegas,51,Female
576,Joel,Walters,67,Male
577,Frederick,Delacruz,36,Male
578,Warren,Cantrell,69,Male
579,Melvin,Bates,33,Male
580,Meredith,Pollard,23,Male
581,Dawn,Hines,20,Male
582,Audrey,Goodman,42,Male
583,Kurt,Waters,53,Male
584,Eugene,Harper,62,Male
585,Caleb,Eaton,56,Male
586,Kaitlin,Mejia,22,Female
587,Jennifer,Mercado,23,Female
588,David,Cardenas,53,Male
589,Jenny,Reid,47,Female
590,Lonnie,Frye,43,Female
591,Janice,Mayer,32,Female
592,Debbie,Bates,30,Male
593,Jean,Christian,40,Female
594,Philip,Harding,23,Male
595,Jillian,Oneal,46,Male
596,Mindy,Christian,63,Male
597,Bobby,Mclean,26,Male
598,Amanda,Santos,70,Female
599,Ralph,Buckley,35,Male
600,Brian,Montoya,29,Male
601,Joann,Dyer,29,Male
602,Rhonda,Cook,44,Male
603,Charlene,Huffman,23,Female
604,Abigail,Shah,59,Female
605,Frances,Bridges,41,Female
606,Belinda,Kaiser,66,Male
607,Michael,Griffin,26,Male
608,Brooke,Briggs,48,Male
609,Desiree,Sloan,56,Male
610,Jared,Floyd,24,Male
611,Latasha,Spencer,26,Male
612,Joy,Mack,45,Male
613,John,Rhodes,66,Male
614,Claire,Schaefer,22,Female
615,Judy,Nguyen,23,Female
616,Andrea,Dennis,69,Female
617,Karla,Middleton,63,Female
618,Sean,Coffey,51,Male
619,Nichole,George,35,Male
620,Justin,Dougherty,31,Male
621,Devon,Smith,58,Male
622,Becky,Scott,66,Male
623,Misty,Espinoza,35,Female
624,Franklin,Rivers,47,Female
625,Leonard,Barber,66,Female
626,Lonnie,Price,48,Male
627,Clarence,Cantu,28,Female
628,Johnny,Foster,57,Male
629,Richard,Vasquez,43,Male
630,Tabitha,Compton,23,Female
631,Adrienne,Wong,46,Male
632,Jorge,Farrell,61,Male
633,Kathy,Richards,56,Female
634,Larry,Ellison,51,Female
635,Gabrielle,Chaney,26,Male
636,Maxwell,Macias,65,Male
637,Joyce,Chan,55,Male
638,Kari,Durham,25,Male
639,Trevor,Mckee,32,Male
640,Diana,Thomas,67,Female
641,Cynthia,Moss,64,Female
642,Billy,Garrison,55,Male
643,Grace,Austin,57,Male
644,Kerri,Hamilton,22,Male
645,Kaylee,Wright,69,Female
646,Manuel,Delacruz,32,Male
647,Helen,Baxter,20,Female
648,Leon,Hendricks,31,Male
649,Henry,Contreras,21,Female
650,Gerald,Tanner,42,Male
651,Ariel,Arnold,23,Male
652,Judy,Fisher,60,Female
653,Miguel,Wood,55,Male
654,Lance,Gillespie,44,Female
655,Natalie,Wang,67,Male
656,Charlotte,Byrd,42,Male
657,Chelsea,Wagner,20,Male
658,Larry,Rollins,70,Female
659,Paul,Leblanc,31,Male
660,Caitlin,Vance,30,Female
661,Adam,Shaffer,55,Male
662,Martin,Rocha,30,Male
663,Ronnie,Erickson,62,Female
664,Sheryl,Delgado,65,Male
665,Kristen,Williamson,22,Male
666,Cole,Warner,39,Male
667,Lee,Mercado,21,Female
668,Paula,Bates,70,Male
669,Claire,Shaw,32,Male
670,Amy,Mclean,58,Male
671,Joshua,Winters,39,Male
672,Brian,Pittman,33,Male
673,Jeffrey,Waters,24,Female
674,Denise,Barber,43,Female
675,Wayne,Sanders,49,Male
676,Sandra,Sparks,22,Male
677,Jose,Singleton,54,Female
678,Joel,Shea,34,Female
679,Sergio,Marquez,41,Female
680,Latoya,Decker,37,Female
681,Chase,Guerrero,30,Male
682,Jeff,Tate,46,Male
683,Brandy,Valentine,21,Female
684,Jade,Vega,43,Male
685,Melody,Nielsen,32,Male
686,Brandon,Webb,60,Male
687,Jean,Mclaughlin,65,Male
688,Albert,Case,25,Female
689,Jose,Duarte,47,Male
690,Jennifer,Brady,27,Male
691,Angel,Conner,46,Male
692,Alyssa,Gamble,47,Female
693,Lawrence,Campos,66,fm
694,Joyce,Michael,61,f
695,Doris,Fox,34,Male
696,Johnny,Harris,60,f
697,Leroy,Vargas,40,Male
698,Diana,Green,36,Male
699,Victor,Bowman,20,Male
700,Alexis,Perry,50,Female
701,Xavier,Mooney,35,Male
702,Lawrence,Gross,62,Female
703,Albert,Myers,68,Female
704,Mikayla,Oneal,23,Female
705,Frederick,Mcgrath,55,Female
706,Kirk,Benitez,54,Male
707,Alex,Mcdonald,22,Male
708,Trevor,Hayden,50,Female
709,Sherry,Lane,31,Male
710,Mallory,Pratt,65,Male
711,Daniel,Flores,41,Female
712,Jesus,Kane,56,Female
713,Gilbert,Hendricks,70,Female
714,Kerry,Sanders,29,Male
715,Alexandra,Davidson,64,Female
716,Vincent,Carey,42,Female
717,Parker,Russo,62,Male
718,Ebony,Velasquez,50,Male
719,Jesus,Holden,31,Male
720,Candace,Chen,49,Male
721,Juan,Saunders,62,Male
722,Richard,Serrano,67,Female
723,Rick,Barrera,39,Male
724,Meagan,Hoover,46,Female
725,Larry,Huff,25,Female
726,Kelli,Gonzales,67,Male
727,Crystal,Howard,42,Female
728,Frank,Walter,62,Male
729,Rhonda,Donaldson,21,Male
730,Lisa,Duran,66,Male
731,Isabel,Cisneros,62,Male
732,Bianca,Jennings,51,Female
733,Leon,Lang,52,Male
734,Luis,Zamora,40,Female
735,Mitchell,Chang,36,Female
736,Edgar,Terry,27,Female
737,Norman,Howard,63,Male
738,Fred,Alvarez,53,Male
739,Lauren,Nunez,61,Male
740,Kristen,Terry,20,Male
741,Olivia,Cross,56,Male
742,Leonard,Pennington,52,Male
743,Nathan,Bryan,22,Male
744,Theresa,Gallegos,35,Female
745,Jamie,Hayes,36,Male
746,Wayne,Herring,55,Male
747,Allison,Franco,69,Male
748,Ronald,White,36,Male
749,Deborah,Taylor,31,Male
750,Shari,Bender,67,Female
751,Brooke,Gibbs,26,Male
752,Ashley,Melton,40,Female
753,Teresa,Hart,30,Male
754,Bonnie,Erickson,48,Male
755,Ruben,Trevino,40,Female
756,Fernando,Perez,48,Male
757,Katelyn,Cabrera,29,Female
758,Sylvia,Lin,26,Female
759,Margaret,Snyder,52,Male
760,Trevor,Schwartz,35,Male
761,Bethany,Colon,55,Female
762,Dustin,Vaughan,29,Female
763,Jim,Oconnell,41,Male
764,Kerry,Roberts,51,Female
765,Allen,Mcgrath,38,Male
766,Darlene,Ware,46,Male
767,Jane,Roman,68,Male
768,Sheena,Burns,40,Female
769,Patricia,Cole,60,Female
770,Shannon,White,22,Female
771,Mandy,Farley,61,Male
772,Walter,Barber,25,Male
773,Summer,Fox,58,Male
774,Jeffery,Stuart,39,Female
775,Carla,Saunders,63,Female
776,Dustin,Herman,23,Male
777,Melody,Mckay,45,Female
778,James,Ward,22,Male
779,Jasmine,Berry,62,Female
780,Vanessa,Webb,37,Male
781,Jermaine,Diaz,49,Female
782,Mary,Holder,65,Female
783,Johnathan,Mclaughlin,21,Male
784,Tracey,Massey,65,Female
785,Tristan,Brooks,63,Female
786,Sara,Gilmore,44,Female
787,Norma,Page,59,Female
788,Levi,Todd,45,Female
789,Anthony,Curtis,28,Male
790,Kristine,Hawkins,48,Female
791,Ann,Levy,53,Female
792,Laurie,Mccoy,37,Female
793,Stephanie,Rivera,65,Female
794,Ebony,Yang,38,Male
795,Norman,Morton,49,Male
796,Joann,Holder,38,Male
797,Catherine,Davis,36,Female
798,Grant,Mercado,20,Male
799,Jessica,Aguirre,43,Female
800,Trevor,Bowers,68,Male
801,Autumn,Norris,37,Male
802,Nancy,Price,50,Female
803,Kevin,Lozano,57,Male
804,Dale,Hendricks,54,Male
805,Alexis,Carroll,69,Male
806,Javier,Bowers,70,Male
807,Zoe,Guerra,28,Female
808,Tim,Henson,36,Male
809,Tim,Larson,33,Male
810,Brian,Banks,46,Male
811,Destiny,Cooke,47,Female
812,Austin,Bright,27,Male
813,Briana,Davis,28,Female
814,Darius,Lara,65,Male
815,Toni,Rhodes,29,Male
816,Warren,Willis,31,Female
817,Colleen,Cordova,43,Female
818,Marie,Norman,41,Female
819,Jasmine,Morrison,33,Female
820,Catherine,Perkins,46,Female
821,Nancy,Williams,25,Female
822,Noah,Hebert,63,Male
823,Latoya,Gillespie,36,Female
824,Chelsea,Oneal,20,Female
825,Katie,King,40,Female
826,Colin,Doyle,35,Male
827,Sonya,Schroeder,48,Female
828,Kayla,Guzman,48,Female
829,Christie,Jenkins,36,Female
830,Joanne,Ferguson,39,Male
831,Yolanda,Robinson,62,Female
832,Katie,Craig,32,Female
833,Dakota,Chavez,36,Male
834,Johnny,Randolph,35,Male
835,Collin,Alvarez,32,Male
836,Cassidy,Melton,43,Female
837,Adam,Singh,37,Male
838,Hayden,Pugh,63,male
839,Kellie,Salas,21,Female
840,Caleb,Watkins,36,Male
841,Troy,Fritz,66,Male
842,Phillip,Duffy,25,Male
843,Claire,Robinson,46,Female
844,Jackson,Estrada,63,Male
845,Tiffany,Peterson,55,Female
846,Jessica,Carlson,45,Female
847,Alvin,Roy,40,Male
848,Harold,Paul,31,Male
849,Rodney,Underwood,51,Male
850,Adrian,Herman,70,Male
851,Clifford,Phillips,56,Female
852,Regina,Mccoy,66,Female
853,Kaylee,Bowers,54,Male
854,Reginald,Frederick,35,Male
855,Shelby,Reese,70,Female
856,Connor,Gentry,52,Male
857,Kevin,Fleming,70,Male
858,Connie,Mercado,39,Male
859,Kaylee,Barber,70,Female
860,Betty,Duncan,64,Male
861,Dwayne,Sweeney,37,Male
862,Kenneth,Anthony,60,Female
863,Peggy,Montoya,30,Female
864,Jonathan,Briggs,67,Male
865,Sean,Gray,47,Male
866,Rebekah,Villegas,42,Female
867,Lisa,Small,32,Female
868,Paige,Pineda,48,Male
869,Howard,Glass,36,Male
870,Jose,Bond,48,Male
871,Janet,Bass,23,Female
872,Jasmin,Waters,53,Female
873,Jennifer,Mcintosh,63,Female
874,Gina,Benson,30,Female
875,Vanessa,Gardner,29,Female
876,Brenda,Clark,40,Female
877,Chelsea,Randolph,55,Female
878,Tabitha,Logan,31,Male
879,Anne,Cabrera,44,Female
880,Logan,Lamb,20,Female
881,Reginald,Mann,44,Male
882,Bob,Rosario,58,Male
883,Andrew,Weiss,70,Male
884,Rita,Livingston,23,Female
885,Briana,Peck,35,Male
886,Brady,Mcdaniel,68,Male
887,Clifford,Rivers,28,Male
888,Kathryn,Burgess,46,Female
889,Rodney,Esparza,31,Male
890,Gabrielle,Vincent,33,Male
891,Yolanda,Schroeder,62,Male
892,Jonathon,West,48,Male
893,Lee,Harvey,27,Female
894,Yvette,Mccoy,28,Male
895,Kayla,Fleming,24,Female
896,Vernon,Flowers,40,Male
897,Bobby,Dodson,66,Male
898,Lindsey,Blevins,70,Female
899,Jared,Howe,34,Male
900,Mike,Mckay,60,Male
901,Leon,Summers,50,Male
902,Darren,Gibbs,70,Female
903,Chase,Lucas,35,Male
904,Kent,Cobb,39,Female
905,Miranda,Lawson,36,Female
906,Kathy,Nguyen,58,Female
907,Jeremiah,Rubio,50,Male
908,Gilbert,Barry,21,Male
909,Tony,Shannon,21,Male
910,Dana,Salas,51,Female
911,Benjamin,Galvan,57,Female
912,Teresa,Vargas,67,Male
913,Tricia,Leon,65,Male
914,Carmen,Daugherty,33,Male
915,Tiffany,Rowe,49,Male
916,Wesley,Snow,29,Female
917,Raven,Mejia,70,Male
918,Elijah,Richardson,58,Male
919,Colton,Sandoval,63,Male
920,Krista,Mcclure,50,Female
921,Johnny,Rubio,23,Male
922,Amy,Ballard,37,Male
923,Rachel,Watts,70,Male
924,Judy,Mullins,58,Male
925,Priscilla,Huff,59,Female
926,Zoe,Solomon,36,Female
927,Gabriella,Ho,30,Male
928,Jeff,Jensen,51,Female
929,Natalie,Ball,46,Female
930,Matthew,Fields,23,Male
931,Jack,Mendoza,67,Female
932,Sheryl,Lyons,58,Male
933,Nina,Contreras,49,Male
934,Samuel,Walker,35,Female
935,Charlotte,Spencer,65,Female
936,Eduardo,Schultz,56,Female
937,Adrienne,Medina,41,Female
938,Darrell,French,31,Male
939,Rodney,Dunn,33,Male
940,Bryan,Sampson,60,Female
941,Gregory,Baxter,21,Female
942,Edgar,Norman,55,Female
943,April,Garner,43,Female
944,Mercedes,Bush,35,Male
945,Theresa,Randolph,54,Female
946,Tom,White,50,Male
947,Tiffany,White,28,Female
948,Lacey,Clark,53,Female
949,Gail,Thornton,23,Male
950,Leslie,Figueroa,63,Female
951,Katie,Mcintosh,48,Female
952,Kelly,Bradshaw,56,Male
953,Blake,Avila,34,Male
954,Jesse,Miranda,46,Female
955,Kristi,Thompson,24,Female
956,Isabel,Snow,35,Female
957,Donna,Sims,53,Male
958,Connor,Thomas,35,Female
959,Chloe,Hanson,56,Female
960,Drew,Guzman,37,Male
961,Clifford,Conway,36,Male
962,Ashlee,Carney,68,Female
963,Jackie,Mccullough,38,Male
964,Crystal,Dougherty,56,Male
965,Caitlyn,Tapia,67,Female
966,Brenda,Estrada,43,Female
967,Tina,Andrews,50,Female
968,Andre,Cunningham,26,Female
969,Jesus,Abbott,56,Male
970,Kendra,Bishop,46,Female
971,Tyrone,Ayers,39,Female
972,Isaiah,Andersen,62,Female
973,Shelia,Rojas,35,Male
974,Donald,Arnold,48,Male
975,Kaitlin,Fowler,70,Female
976,Mallory,Browning,43,Female
977,Cathy,Compton,69,Female
978,Larry,Blanchard,31,Female
979,Robert,Henderson,35,Male
980,Glen,Simon,65,Male
981,Holly,Nelson,66,Female
982,Erin,Wall,39,Male
983,Chloe,Durham,64,Female
984,Jeanette,Schwartz,60,Female
985,Max,Clements,30,Male
986,Julie,Coffey,65,Female
987,Regina,Gilmore,26,Female
988,Lacey,Stark,35,Male
989,Devin,Jefferson,59,Male
990,Shawna,Spencer,50,Female
991,Edgar,Meyers,56,Male
992,Levi,Larsen,52,Female
993,Victor,Simon,32,Male
994,Lacey,Boone,20,Female
995,Chelsea,Lester,60,Female
996,Dominique,Benjamin,44,Female
997,Cheyenne,Marshall,33,Female
998,Frances,Vance,48,Male
999,Melvin,Todd,38,Male
1000,Gilbert,Larson,32,Male
1001,Tim,Hawkins,64,Male
1002,Peter,Glass,64,Male
1003,Dan,Shepard,28,Male
